,MAD,Median,Mean,Variance,Std,Kurtosis,Skew,Crest Factor,Impulse Factor,Shape Factor,Anomaly
0,0.107019485,0.892308,0.912448281,0.016089579,0.126844704,-0.528429797,0.697243437,1.340218678,1.35310683,1.009616455,1
1,0.232770863,1.051152,1.166037838,0.072919,0.270035183,-0.526867426,0.695937125,1.516313839,1.556443488,1.026465265,1
2,0.009695409,1.127768,1.127821973,0.000146957,0.012122585,-0.008858345,0.025783025,1.042295791,1.042356,1.000057765,1
3,0.017198017,0.717848,0.715894438,0.000482104,0.021956872,0.217694171,-0.317993838,1.099689791,1.100206899,1.000470231,1
4,0.032433463,1.047248,1.055100863,0.001446221,0.038029217,-0.801310406,0.359725161,1.103306932,1.10402336,1.000649346,1
5,0.028878701,1.026264,1.037398241,0.001363794,0.036929582,0.161583418,1.049372819,1.116980904,1.11768842,1.000633418,1
6,0.082033241,0.60634,0.641919755,0.009485186,0.097391917,-0.032645893,0.794543649,1.488203923,1.505234872,1.011443962,1
7,0.493665227,0.997472,0.993322894,0.309804108,0.556600492,-1.395517037,-0.010335214,1.594755674,1.828054111,1.146291022,1
8,0.018120766,0.708088,0.706471939,0.000517383,0.02274606,-0.046776791,-0.274164464,1.106709005,1.107282479,1.000518179,1
9,0.012224115,0.935008,0.935010798,0.000246609,0.015703804,0.729836361,0.014644692,1.100050334,1.100205476,1.000141031,1
10,0.011292999,0.936472,0.93666193,0.000202378,0.014225978,0.124404603,0.134355219,1.063236491,1.063359114,1.00011533,1
11,0.018784571,0.991128,0.99045687,0.000629408,0.025088008,2.234757421,0.20011994,1.194419047,1.194802152,1.000320746,1
12,0.013005489,1.118496,1.118791142,0.000267415,0.016352818,0.088121137,-0.030727182,1.059380393,1.059493551,1.000106815,1
13,0.034797303,0.718336,0.710946574,0.001944054,0.04409143,0.695474244,-0.834952628,1.136568585,1.138752235,1.001921266,1
14,0.043536129,0.7442,0.750544878,0.002519423,0.050193858,-0.93455385,0.230480369,1.231318329,1.234068777,1.002233742,1
15,0.016856624,0.913536,0.912893532,0.000454457,0.021317991,0.092571745,-0.188735028,1.076318427,1.076611857,1.000272623,1
16,0.043939829,0.89304,0.888223961,0.003201304,0.056580064,-0.193756464,-0.610402842,1.128400756,1.130687805,1.002026805,1
17,0.012654809,0.840336,0.840256749,0.000250026,0.015812214,-0.088707018,-0.036356312,1.067855914,1.068044977,1.000177049,1
18,0.146226711,1.052128,1.056867196,0.034331222,0.185286863,-0.4370431,0.084476356,1.382608585,1.403695759,1.01525173,1
19,0.51994983,1.084336,1.114284105,0.432189446,0.65741117,0.574234238,0.136848396,3.589008041,4.086969918,1.138746381,1
20,0.543470966,1.091656,1.114373018,0.470172368,0.685691161,0.431553786,0.11337442,3.283956184,3.762988293,1.145870433,1
21,0.554711616,1.131916,1.115731838,0.509998297,0.714141651,1.316175371,-0.059130801,4.098256347,4.686880437,1.143627933,1
22,0.538410101,1.097024,1.113275701,0.459837296,0.678113041,0.691421219,0.130497034,4.282733299,4.897954151,1.143651451,1
23,0.569381798,1.108736,1.115317949,0.512199292,0.715680999,0.374015669,0.101987095,3.379785369,3.898192034,1.153384493,1
24,0.665162764,1.128256,1.115896034,0.796548772,0.892495811,3.474743632,0.052413107,5.362546802,6.341140774,1.182486794,1
25,0.558050365,1.13948,1.113929198,0.540782146,0.735378913,5.830589513,-0.328815046,5.639824113,6.483329208,1.149562305,1
26,0.889124215,1.136064,1.115957001,1.555731414,1.247289627,5.289086032,0.141387512,7.625372893,9.446132471,1.238776464,1
27,0.872681669,1.104832,1.117227883,1.580394503,1.257137424,5.758637851,-0.005414114,7.823531396,9.725559334,1.243116291,1
28,0.905806207,1.114104,1.116825478,1.624451597,1.274539759,3.526218854,0.073850205,5.724833112,7.106778513,1.24139488,1
29,0.895297932,1.138504,1.116947966,1.475661102,1.214767921,3.009043921,0.108214373,6.06605764,7.449300056,1.228029883,1
30,0.908180926,1.111176,1.116869268,1.497318429,1.223649635,2.638371927,0.190940181,5.818997856,7.192523009,1.236041529,1
31,0.806617851,1.155096,1.116685975,1.187109328,1.089545468,3.902174216,-0.090480355,6.042137032,7.261455346,1.201802493,1
32,0.915769258,1.128744,1.117657779,1.526131713,1.235367036,2.29526427,-0.045990136,5.170821032,6.321624878,1.222557276,1
33,0.766054869,1.16632,1.116420178,1.012578009,1.006269352,1.788057677,-0.191246034,5.106671203,6.029816923,1.1807725,1
34,0.876361912,1.152656,1.116718151,1.418451678,1.19098769,2.32463541,-0.105727531,5.209870891,6.278561059,1.205127956,1
35,0.827066596,1.16022,1.117173845,1.164423362,1.079084502,1.254845972,-0.094272127,5.165837448,6.159395967,1.192332517,1
36,0.955371138,1.16388,1.116519958,1.726978859,1.314145676,3.996306201,-0.087898801,6.802918393,8.361220105,1.229063708,1
37,1.029818974,1.149484,1.117714647,1.941925329,1.393529809,2.335935161,0.029719193,5.308076693,6.575048141,1.23868748,1
38,0.975715249,1.149728,1.116806251,1.756565272,1.325354772,2.591259565,-0.024171531,5.884482411,7.232643611,1.229104466,1
39,0.99984374,1.156316,1.118047073,1.797420001,1.340678933,1.721826692,-0.037519296,5.174376184,6.344193943,1.226078993,1
40,0.902076617,1.1773,1.117957638,1.41200641,1.188278759,1.148600247,-0.225773983,4.299689094,5.137283462,1.194803473,1
41,0.936998442,1.166076,1.117787229,1.568964444,1.252583109,1.506065856,-0.075375617,4.586374114,5.537527647,1.207386818,1
42,0.933473396,1.169248,1.117939778,1.570059166,1.253020018,1.708825626,-0.124823521,5.05250333,6.089001406,1.205145451,1
43,0.778685919,1.157048,1.117008251,1.056794446,1.028005081,1.041044567,-0.273659709,3.765941607,4.425385842,1.175107398,1
44,1.134366462,1.143384,1.117512257,2.397684637,1.548445878,2.546077533,0.096811386,6.694716404,8.396024059,1.254126919,1
45,0.947643862,1.171444,1.117941827,1.616368127,1.271364671,1.834150249,-0.243250985,5.658637508,6.79940341,1.201597275,1
46,0.852068739,1.137528,1.118062916,1.284766752,1.133475519,1.549658132,-0.123155667,4.488232458,5.384697794,1.199736833,1
47,0.981526072,1.140456,1.116427791,1.765676152,1.328787474,1.876069238,0.037591334,4.895080966,6.015304976,1.228846881,1
48,0.980883097,1.173152,1.115522518,1.736339157,1.317702226,2.113133478,-0.160990834,5.634468852,6.847448843,1.215278498,1
49,1.088535159,1.138016,1.11691745,2.138125223,1.462232958,1.550225178,-0.014279106,5.18365109,6.40408313,1.235438694,1
50,0.933097929,1.170224,1.117140434,1.56366918,1.250467585,1.531698608,-0.269760366,5.177420603,6.210911957,1.199615104,1
51,1.072109242,1.147776,1.117675672,1.975931614,1.405678347,1.06670044,-0.073437534,5.368947478,6.58135488,1.225818451,1
52,1.136311525,1.14802,1.117401449,2.341522188,1.530203316,1.60669764,-0.018235225,4.575165604,5.684132465,1.242388354,1
53,1.049875124,1.178032,1.115870853,2.031906904,1.42544972,2.607393294,-0.242962223,6.530949011,7.982173245,1.222207252,1
54,1.063975864,1.142652,1.116693393,2.024168988,1.422732929,1.647974315,-0.062493784,5.03180273,6.210682716,1.234285812,1
55,1.169856466,1.152656,1.118742961,2.487917874,1.577313499,2.143115509,0.003378892,5.809224476,7.248089683,1.247686281,1
56,1.063392616,1.16754,1.1169615,2.062457884,1.436125999,1.955771041,-0.15522989,6.176453731,7.564733879,1.22476978,1
57,1.038225798,1.136796,1.116779281,1.905364864,1.380349544,1.416974928,-0.144795698,4.360693219,5.342871403,1.225234414,1
58,1.067564618,1.150216,1.116434623,2.054657394,1.433407616,1.972262546,-0.097612344,5.873012163,7.227697664,1.230662812,1
59,1.132314601,1.174616,1.118762871,2.316120339,1.521880527,2.144845746,-0.168989214,5.560130942,6.87547473,1.236567052,1
60,1.043656887,1.1529,1.115064774,1.95852886,1.399474494,1.761724721,-0.184597479,5.303028998,6.489486931,1.223732122,1
61,1.063283422,1.16998,1.117051097,2.008568283,1.41723967,1.45844888,-0.18705628,4.778475935,5.819281377,1.217811172,1
62,1.121579832,1.167784,1.115284114,2.223013873,1.490977489,1.367542443,-0.170994397,4.742785384,5.830112782,1.229259245,1
63,1.119743194,1.16632,1.117116294,2.244517215,1.49817129,1.455020094,-0.146006227,4.878135361,5.998776546,1.229727365,1
64,1.105317727,1.1468,1.11798373,2.143855093,1.464190935,1.499132032,-0.119052431,4.841294636,5.972020255,1.233558522,1
65,1.100470007,1.16998,1.117860722,2.108831818,1.452181744,1.23185236,-0.116544192,4.997683334,6.116947776,1.223956655,1
66,1.166595375,1.163392,1.117788075,2.388618041,1.545515461,1.132558565,-0.089996642,4.631641686,5.69685709,1.229986574,1
67,1.014887677,1.132648,1.115800288,1.825335623,1.351049822,1.567379058,-0.109872788,5.891402152,7.219208158,1.225380304,1
68,1.131562613,1.153144,1.116774759,2.242172127,1.497388436,1.419735333,-0.091201057,5.87068508,7.254373505,1.235694541,1
69,1.08043414,1.168272,1.117022826,2.083162746,1.443316578,1.372002252,-0.143426462,4.81054354,5.87754478,1.221804715,1
70,1.116012212,1.149972,1.115476223,2.253930769,1.501309685,1.95148606,-0.077764869,5.945955533,7.381112398,1.241366902,1
71,1.096100129,1.166808,1.117363027,2.099345233,1.448911741,1.141084053,-0.122100185,4.524445807,5.534735468,1.223295781,1
72,1.133048379,1.177544,1.119574122,2.298708513,1.516149238,1.665661146,-0.14725602,4.858208652,5.982047163,1.231327757,1
73,1.061782449,1.143628,1.117462026,2.003311053,1.415383712,1.754128573,-0.159924648,5.611891401,6.905732084,1.230553407,1
74,1.132089842,1.162172,1.115473165,2.238401077,1.496128697,1.115095461,-0.115855104,4.191499068,5.152533176,1.229281718,1
75,1.09220491,1.179984,1.119185967,2.087502851,1.444819314,1.244170568,-0.163194642,4.667483707,5.697603291,1.22070127,1
76,1.093194354,1.148996,1.117662659,2.084763929,1.443871161,1.290044074,-0.05621289,4.68728548,5.784673845,1.234120232,1
77,1.129911947,1.160952,1.115538167,2.252111256,1.500703587,1.477488039,-0.157267381,4.472869814,5.521385233,1.234416709,1
78,1.086346512,1.169492,1.117363482,2.100037654,1.449150666,1.481372406,-0.153904417,5.419225586,6.622039474,1.221953094,1
79,1.141648415,1.14314,1.117369306,2.299835091,1.516520719,1.509680998,-0.082988896,5.534378819,6.867899291,1.24095215,1
80,1.038308228,1.17364,1.117379977,1.851463,1.360684754,0.952447046,-0.258701696,4.776667295,5.775130609,1.209029278,1
81,1.0346571,1.165588,1.113709696,1.854822361,1.361918632,1.339379,-0.158448581,5.417537582,6.593138761,1.216999174,1
82,1.187170006,1.138992,1.118656585,2.471495252,1.572098996,1.53945773,-0.117273212,4.519139957,5.64141086,1.248337275,1
83,1.140088676,1.164368,1.116246971,2.320216526,1.523225698,2.279269407,-0.047927379,6.941508634,8.617759904,1.241482271,1
84,1.121556964,1.186328,1.116087362,2.227929828,1.492625147,1.547399584,-0.147301697,5.970932337,7.310473006,1.224343636,1
85,1.059703482,1.147532,1.117570687,1.975009009,1.405350138,1.887425861,-0.131337652,5.408776137,6.658674577,1.231087109,1
86,1.106113245,1.167296,1.116220749,2.164012049,1.471058139,1.551351955,-0.136609998,5.167503019,6.341831805,1.227252656,1
87,1.069110313,1.171932,1.117541862,1.99573058,1.412703288,1.42918831,-0.204989975,5.142015886,6.278619877,1.221042489,1
88,0.966736328,1.14924,1.117221799,1.598123261,1.264169,0.827709909,-0.203522089,4.062567906,4.916970359,1.210310935,1
89,1.047573708,1.169248,1.11678325,1.941086903,1.393228949,1.625388277,-0.171818808,5.69394746,6.962454345,1.222781628,1
90,1.131738661,1.165832,1.114904645,2.280804579,1.510233286,1.534115478,-0.16308561,5.608202614,6.924831039,1.234768341,1
91,1.149061149,1.13094,1.116091429,2.307353835,1.518997642,1.285131567,-0.074107433,4.783577635,5.935781761,1.240866609,1
92,1.091568334,1.159488,1.118042778,2.101953101,1.449811402,1.299133768,-0.187006191,5.15097076,6.300914185,1.223247904,1
93,1.011691558,1.182912,1.117101394,1.798470528,1.341070665,1.23496769,-0.295261019,4.791676517,5.774930037,1.205200313,1
94,1.061356686,1.13826,1.116698078,1.982525292,1.408021765,1.54174673,-0.019722342,5.842937158,7.225960235,1.236699975,1
95,1.146206374,1.147288,1.116779021,2.315653409,1.521727114,1.508964712,-0.130244006,4.835917008,6.009509322,1.242682476,1
96,1.061910807,1.176812,1.119116281,1.992432443,1.411535491,1.479629688,-0.210236445,5.821547804,7.076583903,1.215584607,1
97,1.078796491,1.178032,1.119945132,2.039181758,1.427999215,1.038892067,-0.190791299,4.593380457,5.587404125,1.216403513,1
98,1.076566593,1.12484,1.114454124,2.045813588,1.430319401,1.638273172,0.038951573,5.632130062,6.994541671,1.241899884,1
99,1.085039548,1.174128,1.115308156,2.03550683,1.426711894,1.112863216,-0.196453594,4.747911507,5.792114409,1.219928889,1
100,0.986778864,1.162172,1.117463782,1.693937852,1.301513677,1.167719482,-0.212259341,5.076519963,6.138999752,1.20929294,1
101,1.092675026,1.168272,1.116676703,2.101304366,1.449587654,1.479452568,-0.174646757,5.089277792,6.224664493,1.223093875,1
102,1.062236266,1.135088,1.115396257,2.036381567,1.427018419,2.770126893,-0.235686933,6.113160427,7.552997314,1.235530689,1
103,0.96242271,1.179984,1.113754494,1.613490455,1.270232441,1.14069043,-0.302816896,4.197810483,5.06300242,1.206105526,1
104,1.060154142,1.16876,1.115632091,1.963508687,1.401252542,1.180361246,-0.208651002,4.54589217,5.523531225,1.215059887,1
105,1.077857501,1.177056,1.118177759,2.065157254,1.437065501,1.502506815,-0.17164995,4.599810072,5.639411748,1.226009696,1
106,1.161623825,1.141676,1.120742329,2.41639532,1.554475899,1.688544577,-0.000414383,5.550831072,6.933697023,1.249127731,1
107,0.98154405,1.176568,1.118855526,1.655747719,1.28675861,1.147854548,-0.287535012,4.107390625,4.955500969,1.206483975,1
108,1.01533293,1.186816,1.117687156,1.798773933,1.341183781,1.329291744,-0.252863427,5.023528339,6.053979725,1.205125027,1
109,1.048897451,1.16266,1.116949268,2.001132685,1.41461397,2.400302892,-0.122463641,5.91204247,7.276779717,1.230840231,1
110,1.124323652,1.130208,1.116552231,2.208077404,1.485960095,1.127688668,-0.005146837,5.336047313,6.641829342,1.244709605,1
111,0.972205445,1.176568,1.116844933,1.660706963,1.288684198,1.6127447,-0.389948078,4.572369682,5.52647879,1.208668409,1
112,0.935741345,1.173152,1.116740729,1.540138408,1.241023129,1.304898633,-0.344976736,4.868584447,5.824214873,1.196285067,1
113,1.05652623,1.178276,1.116412891,1.923071569,1.38674856,1.050944605,-0.233854332,4.862745406,5.909382714,1.215235884,1
114,0.960408401,1.151924,1.119641401,1.623360302,1.274111574,1.408982899,-0.167882229,4.509259796,5.508704019,1.221642635,1
115,0.93990257,1.137284,1.116054276,1.513229285,1.230133848,0.965390409,-0.170776647,4.340675317,5.259602976,1.211701542,1
116,1.081812322,1.19194,1.116855539,2.044333407,1.429801877,1.2619032,-0.235964441,4.790420502,5.831940821,1.217417306,1
117,0.95599532,1.18096,1.115732521,1.602294042,1.265817539,1.364987199,-0.370077059,4.498094584,5.38225897,1.196564205,1
118,1.061857401,1.187304,1.118853249,2.004152782,1.415681031,1.501548552,-0.214953199,4.788495231,5.845953544,1.220833114,1
119,1.051538287,1.13582,1.119582809,1.97571882,1.405602654,1.562497916,-0.057491161,4.859379603,6.003188191,1.235381609,1
120,0.943616914,1.167784,1.117386451,1.539128287,1.240616092,1.008577355,-0.269975471,4.1901184,5.040472032,1.202942626,1
121,0.943628528,1.147288,1.112098938,1.590418951,1.261118135,1.392835959,-0.215583931,5.137948314,6.190628846,1.204883441,1
122,1.10149517,1.195112,1.120108059,2.129424736,1.459254857,1.350691318,-0.198789557,5.894199989,7.175687753,1.217415046,1
123,1.011338833,1.137528,1.120726746,1.82899218,1.352402374,1.66571038,-0.120209071,5.466174019,6.705577543,1.22674059,1
124,0.930930906,1.165344,1.114188001,1.531167917,1.2374037,1.773154074,-0.306481332,4.916319365,5.951495964,1.210559266,1
125,1.091204938,1.162904,1.115351979,2.127625997,1.458638405,1.572141679,-0.147709456,4.799734609,5.903078125,1.229875942,1
126,1.004582685,1.186084,1.116339821,1.805462401,1.343674961,1.502453809,-0.31552274,5.011560513,6.039623702,1.205138337,1
127,1.042387411,1.167296,1.115550562,1.951028536,1.396792231,1.651502006,-0.248355071,4.856820149,5.93894824,1.222805881,1
128,0.922858832,1.14802,1.119811941,1.495743651,1.22300599,1.14963938,-0.189764509,4.109170216,4.959575476,1.206953038,1
129,0.921235609,1.170956,1.117916451,1.504032369,1.226389974,1.576946453,-0.330484603,5.098353842,6.11224101,1.198865594,1
130,1.056149492,1.149484,1.114050353,1.979769941,1.407042978,1.426577047,-0.160355135,5.439109609,6.64994427,1.222616338,1
131,0.99501089,1.160464,1.115772895,1.746650987,1.321609242,1.219272074,-0.303239438,4.419475432,5.332946209,1.206692127,1
132,1.120301631,1.145336,1.12238253,2.238838356,1.496274826,1.400995524,-0.050786718,5.078155057,6.300630859,1.240732272,1
133,1.09583586,1.167052,1.117953702,2.153618331,1.467521152,1.572708657,-0.162710469,5.432476442,6.653222502,1.224712628,1
134,1.051417239,1.169004,1.117852946,1.922485718,1.386537312,1.051805586,-0.207225599,4.714138845,5.713677571,1.212029972,1
135,0.932040256,1.164368,1.115910316,1.543623256,1.242426358,1.475703471,-0.396591335,3.950184869,4.743062701,1.200719171,1
136,1.04550013,1.146312,1.118242273,1.934752567,1.390953834,1.903523857,-0.110798266,6.313557652,7.778844978,1.232085839,1
137,1.076328753,1.147532,1.115948347,2.061862498,1.435918695,1.624636979,-0.055365726,5.252266784,6.481474225,1.234033702,1
138,0.98333637,1.142652,1.116678786,1.673691792,1.293712407,1.526134954,-0.209379928,5.436547776,6.614674356,1.216704907,1
139,1.074328191,1.165344,1.119904238,2.065449498,1.437167178,1.647490765,-0.171025738,5.282598812,6.473855641,1.22550583,1
140,1.096852971,1.16876,1.121742957,2.124746006,1.457650852,1.534162893,-0.165231946,5.189073782,6.372726633,1.228104841,1
141,1.094873264,1.133136,1.117806293,2.12554129,1.457923623,1.54198049,-0.078089254,6.04499396,7.492034549,1.239378335,1
142,0.989319122,1.137528,1.12062137,1.786065761,1.336437713,2.101744325,-0.161459561,4.968438831,6.093117606,1.226364621,1
143,1.033191078,1.16876,1.1163515,1.886388897,1.373458735,1.388190322,-0.219082134,5.504987882,6.70725539,1.218396032,1
144,0.972678306,1.159732,1.118693022,1.685504015,1.298269623,1.556026561,-0.259747697,5.699631275,6.899881941,1.210583915,1
145,0.941770299,1.166076,1.118916266,1.557710748,1.248082829,1.303986239,-0.443303612,3.847610358,4.62054497,1.200886925,1
146,1.029314943,1.1224,1.115251451,1.833011554,1.353887571,1.059352063,-0.102084784,4.214023962,5.175808222,1.228234169,1
147,1.038098683,1.146312,1.118274058,1.887882279,1.374002285,1.36868126,-0.111699168,5.41368776,6.650010979,1.228369879,1
148,1.068510327,1.164124,1.117548759,2.01042222,1.417893586,1.209358707,-0.152948332,4.616550569,5.637648068,1.221181916,1
149,1.096353921,1.159732,1.12127721,2.105937931,1.451185009,1.40002174,-0.200744715,5.599789926,6.874562772,1.227646548,1
150,1.135706479,1.163636,1.11577078,2.285868508,1.511908895,1.452516165,-0.130879186,5.275413855,6.513803622,1.234747415,1
151,1.077558954,1.1468,1.117347541,2.060719766,1.43552073,1.291326909,-0.152810811,4.583794072,5.627005322,1.227586849,1
152,1.093021674,1.150216,1.114869249,2.072780892,1.439715559,1.17281398,-0.155306566,5.535495065,6.8022212,1.228837009,1
153,1.077566237,1.164612,1.120484242,2.033669346,1.426067792,1.200884068,-0.254322806,5.07076917,6.181637605,1.219072965,1
154,1.056846248,1.151924,1.119447405,1.952738674,1.397404263,1.414095815,-0.206232085,5.462974223,6.689866928,1.224583286,1
155,1.095423433,1.14436,1.118765994,2.088764063,1.445255709,1.123933684,-0.050964735,4.577812304,5.64718298,1.233598628,1
156,1.089298057,1.120448,1.120052948,2.098997308,1.448791672,1.624449714,-0.055955879,5.948168786,7.372492801,1.239455884,1
157,1.095736004,1.155584,1.120860165,2.120518726,1.456200098,1.292902318,-0.215127747,5.626704964,6.902860986,1.226803436,1
158,1.085359448,1.13948,1.121556703,2.077824686,1.441466159,1.3775419,-0.132759095,4.856770894,5.992066882,1.23375531,1
159,1.012070703,1.111664,1.12170011,1.799544287,1.341470942,1.311879564,-0.113525101,4.579594555,5.64289776,1.232182826,1
160,1.067788645,1.106052,1.120221373,2.012376504,1.418582569,1.405993841,-0.082836281,4.704353351,5.840071396,1.241418524,1
161,1.065590561,1.13826,1.115397363,2.022771292,1.422241643,2.002370667,-0.258090053,6.945038825,8.548686703,1.230905531,1
162,1.099780666,1.128256,1.118782261,2.126091315,1.458112244,1.469659909,-0.10511171,4.920705729,6.10276286,1.240221057,1
163,1.084144083,1.135576,1.1236932,2.057302781,1.434330081,1.336294342,-0.090271046,6.405040386,7.89506871,1.232633712,1
164,1.012180934,1.113616,1.114523745,1.774149517,1.331972041,0.991598394,-0.195292514,4.116416077,5.041255941,1.224671133,1
165,1.083425863,1.152656,1.121118642,2.067601139,1.437915553,1.290782676,-0.206207432,4.747721712,5.829601207,1.227873401,1
166,1.098851893,1.115812,1.114693667,2.093592908,1.446925329,1.159173778,-0.072157034,5.261503972,6.495419102,1.234517571,1
167,1.053189463,1.132404,1.118056377,1.968277568,1.40295316,1.559458472,-0.145599855,5.428751376,6.681368929,1.23073769,1
168,0.992603799,1.104832,1.1137719,1.698747834,1.303360209,0.938225905,-0.153753999,4.18455706,5.127785012,1.22540688,1
169,1.213995191,1.16632,1.116138895,2.56984789,1.603074512,1.417409289,-0.155607768,5.887399179,7.283018824,1.237051982,1
170,1.005109541,1.120448,1.12344689,1.7247009,1.313278683,0.967791878,-0.136532834,4.2832285,5.243754077,1.224252705,1
171,1.05347823,1.160952,1.120111963,1.942388477,1.393695977,1.473539786,-0.256308703,5.480911608,6.720668659,1.22619541,1
172,1.135680851,1.12728,1.119289683,2.229051918,1.493000977,1.178412433,-0.043705747,5.572324426,6.919386597,1.241741519,1
173,1.045316792,1.162904,1.12309527,1.834972025,1.354611392,0.854463387,-0.365693626,4.190737502,5.094236006,1.215594153,1
174,1.014269039,1.134112,1.121222651,1.781304358,1.334655146,1.268122834,-0.174885972,4.683431177,5.73489699,1.224507583,1
175,1.126304544,1.13216,1.122551345,2.250280187,1.500093393,1.468104399,-0.124771121,5.126117711,6.369574211,1.242572756,1
176,1.178947641,1.109956,1.119456026,2.438637968,1.561613899,1.243770227,0.003813518,6.050566348,7.563806581,1.25009894,1
177,1.077214109,1.147288,1.116815653,1.956069807,1.398595655,0.818980577,-0.307521494,4.141943707,5.05113021,1.219507209,1
178,1.143960874,1.13948,1.120750527,2.267764128,1.505909734,1.314882024,-0.12002259,5.034701444,6.253041848,1.24198861,1
179,0.959795964,1.134112,1.115005954,1.569990147,1.252992477,0.921034276,-0.274298991,3.875153789,4.702713246,1.213555255,1
180,1.139114924,1.114592,1.118036467,2.216522839,1.488799127,0.926230909,-0.097318117,4.193390243,5.206193215,1.241523663,1
181,1.123874852,1.114836,1.120331693,2.210384433,1.486736168,1.217379802,-0.137173731,5.044381507,6.264550846,1.241886808,1
182,1.158192439,1.147044,1.118274025,2.29666799,1.51547616,0.917779892,-0.211828969,4.60689642,5.667628704,1.230248781,1
183,1.141106237,1.126304,1.120433458,2.229423129,1.493125289,0.924936028,-0.031207393,4.560653932,5.671933617,1.243666742,1
184,1.068438435,1.141432,1.118281378,1.948032714,1.395719425,0.856923179,-0.175716235,4.095364551,5.010247379,1.223394723,1
185,1.113512121,1.116788,1.120529463,2.120544078,1.456208803,1.284792838,-0.037843117,5.725835029,7.102623392,1.240451979,1
186,1.164005194,1.162416,1.120327074,2.3039666,1.517882275,0.868713539,-0.246198093,4.129443091,5.07622316,1.229275485,1
187,1.043882325,1.129232,1.122083711,1.823712204,1.35044889,0.721810096,-0.100544304,4.131829559,5.069977928,1.227053986,1
188,1.107187425,1.11264,1.121610221,2.103414303,1.450315243,1.19737492,-0.05153665,5.368105221,6.675960755,1.243634482,1
189,1.08402937,1.099464,1.12316398,1.978222984,1.406493151,0.716784434,-0.09028752,3.935076516,4.860226898,1.23510353,1
190,1.149359773,1.147288,1.122069852,2.283562438,1.511146068,1.021359561,-0.105166145,5.67446553,6.99323193,1.232403632,1
191,0.988518995,1.143384,1.11908931,1.617157164,1.271674944,0.752284369,-0.311822448,3.696085406,4.489039012,1.214538767,1
192,1.042877984,1.10776,1.122272242,1.852988471,1.361245192,1.178093087,-0.004731732,5.01768714,6.216783987,1.238974016,1
193,1.136573673,1.11264,1.123684253,2.253163276,1.501054055,1.405697303,-0.029820132,5.446962588,6.788028153,1.246204292,1
194,1.186094161,1.09068,1.120393149,2.414425947,1.553842317,1.114768046,0.036469734,5.10965724,6.416594845,1.25577794,1
195,0.992293141,1.138504,1.122438259,1.658569441,1.287854588,0.687778794,-0.25550968,3.491869426,4.240834826,1.214488375,1
196,1.193962621,1.135576,1.122241823,2.432876055,1.559767949,1.181511552,-0.099757008,5.789858082,7.204201454,1.244279454,1
197,0.961345557,1.102148,1.119243909,1.582213088,1.25786052,0.998901537,-0.096489155,4.474458182,5.463690665,1.221084306,1
198,0.968752356,1.094096,1.118931556,1.605795583,1.267199898,0.954617033,-0.033577346,4.325162476,5.316637341,1.229234132,1
199,1.049530599,1.088728,1.117089877,1.880700193,1.37138623,1.016178987,-0.078257456,4.909018574,6.04781434,1.231980334,1
200,1.043320108,1.128744,1.115911845,1.838468476,1.355901352,0.920832787,-0.258352068,4.632243239,5.66535375,1.223025963,1
201,1.135058883,1.126792,1.121279747,2.190255087,1.479951042,1.006871713,-0.035530381,4.466180497,5.539820091,1.240393239,1
202,1.03369944,1.117032,1.116757516,1.761670413,1.327279328,0.599738791,-0.096664207,4.777047566,5.866785547,1.228119558,1
203,0.98434464,1.10288,1.118023681,1.633789646,1.278197812,1.037411421,-0.084242176,4.740437406,5.817953909,1.227303181,1
204,1.08513545,1.100684,1.114706875,2.022571642,1.422171453,1.33073381,-0.022753039,5.184172645,6.448512378,1.243884573,1
205,1.061150419,1.085312,1.114202446,1.908664547,1.381544262,1.003526383,-0.040496321,4.485841532,5.575307234,1.24286763,1
206,1.081369249,1.114592,1.11714385,1.99553061,1.412632511,0.903236203,-0.0953449,4.19803106,5.193367489,1.237096014,1
207,1.116032869,1.098244,1.115200471,2.086451064,1.444455283,0.695768105,-0.02171255,4.358101494,5.41189597,1.24180127,1
208,1.066158333,1.130208,1.116990325,1.915261915,1.383929881,0.770980815,-0.021698187,4.713270829,5.80255817,1.231110704,1
209,1.055209821,1.12972,1.118194579,1.919862311,1.385590961,1.154449242,-0.149697223,4.76924058,5.861876392,1.229100586,1
210,1.08474866,1.095316,1.114694382,2.013469,1.418967582,1.047733687,-0.036011224,4.67461846,5.822980713,1.245659033,1
211,1.022700928,1.108248,1.120710316,1.742790215,1.3201478,0.675519037,-0.054731269,4.17661933,5.147695432,1.232502899,1
212,1.162457175,1.144116,1.118853183,2.283964456,1.51127908,0.624572028,-0.123018924,4.229968432,5.205069431,1.230522051,1
213,1.147039617,1.123132,1.120896765,2.193653035,1.481098591,0.69232991,0.013304869,4.918793334,6.118392896,1.243880863,1
214,1.046437241,1.111664,1.118375106,1.832659599,1.353757585,0.98803075,0.047412127,4.529646025,5.623630579,1.241516566,1
215,1.024620554,1.115568,1.117118213,1.748232871,1.322207575,0.63138939,-0.084468678,4.562693632,5.596332111,1.226541285,1
216,1.108391943,1.083848,1.114718815,2.070057452,1.438769423,0.983285311,0.01358081,4.394779967,5.488409392,1.248847367,1
217,1.095191073,1.09068,1.115715571,2.047649148,1.430960918,1.081407029,-0.032690881,4.563141575,5.673377438,1.243305154,1
218,1.131606898,1.118496,1.118258507,2.152167553,1.467026773,0.980995645,-0.07268377,4.102132731,5.104540704,1.244362637,1
219,1.133010284,1.103368,1.115179454,2.141169019,1.463273392,0.675396966,-0.022446791,4.462548462,5.520318089,1.237032636,1
220,1.114745436,1.1163,1.115796124,2.081608821,1.442778161,0.757134989,-0.077348814,4.787425756,5.918957552,1.236354955,1
221,1.090768761,1.098488,1.116735198,1.999755998,1.414127292,0.895251385,0.060080133,4.687436114,5.838056207,1.245468965,1
222,1.012422937,1.118008,1.118830703,1.716793111,1.31026452,0.701910526,-0.066298749,5.205279305,6.375296771,1.224775156,1
223,1.019072952,1.0919,1.114407894,1.742626984,1.320085976,0.758503097,-0.004022536,3.873312267,4.795560441,1.238103233,1
224,1.136193635,1.0858,1.117070845,2.15050241,1.46645914,0.773373968,0.017965878,5.336478628,6.663869348,1.248739068,1
225,1.11280998,1.131184,1.122639087,2.048859502,1.431383772,0.591882073,-0.15326692,4.095293333,5.041913673,1.231148361,1
226,1.088472909,1.09068,1.117315528,1.950952364,1.396764964,0.575098749,-0.000607327,4.537405116,5.630628978,1.240935917,1
227,1.001157136,1.093608,1.119651877,1.674701447,1.294102564,1.229987546,0.007307699,4.60727641,5.696433411,1.236399318,1
228,1.065866621,1.103124,1.118622978,1.899784304,1.378326632,1.056727364,0.021380652,5.002240202,6.22437965,1.244318425,1
229,1.107077037,1.11508,1.114765012,2.055718198,1.433777597,0.837680698,0.016945327,4.271785013,5.311393975,1.243366405,1
230,1.115584531,1.120936,1.115249141,2.082571041,1.443111583,0.720735297,-0.147434513,4.277892624,5.267469248,1.23132339,1
231,1.066181922,1.104588,1.119604313,1.902738432,1.379397851,0.645217778,0.072259383,4.068899774,5.055803607,1.242548081,1
232,0.938980884,1.128256,1.11754658,1.456653162,1.206918871,0.705361648,-0.110615196,4.395341368,5.336694705,1.2141707,1
233,1.000534915,1.090192,1.117063362,1.648878276,1.284086553,0.606471369,0.04291939,4.217455883,5.212666689,1.235974207,1
234,1.081381542,1.101904,1.120524356,1.931103668,1.389641561,0.611810448,-0.028221927,3.98436632,4.943865838,1.24081609,1
235,1.072020072,1.125816,1.121309873,1.931461189,1.389770193,0.706175367,-0.068542093,4.226807504,5.198872299,1.229976121,1
236,1.114478267,1.101904,1.117672061,2.094434037,1.447215961,0.916955517,0.088960828,4.531303554,5.67037031,1.251377279,1
237,1.021432134,1.096536,1.116409247,1.7505236,1.323073543,0.935210329,0.05095428,4.759480281,5.872441554,1.233840925,1
238,1.018621998,1.108736,1.12135555,1.747476199,1.321921404,0.769823204,-0.041671498,4.196565597,5.16387071,1.230499224,1
239,1.104589208,1.082628,1.116477957,2.038371688,1.427715549,0.78633699,0.075624104,4.391770957,5.487849437,1.249575511,1
240,1.080541994,1.101904,1.117285858,1.981218252,1.407557548,0.941681355,-0.005341325,5.570295935,6.904758982,1.239567711,1
241,1.147837504,1.118496,1.122290916,2.217672118,1.489185052,0.898519896,-0.044724616,4.750909466,5.897903566,1.241426217,1
242,1.002835469,1.090924,1.118723701,1.649170531,1.284200347,0.503793927,0.030361629,4.16096301,5.138322495,1.234887809,1
243,1.016301514,1.091168,1.121080188,1.740518766,1.319287219,0.873310285,0.000680158,4.226951662,5.215951862,1.233974807,1
244,1.070209172,1.093608,1.120193101,1.89733071,1.377436282,0.671632055,0.00176201,4.814766146,5.968939977,1.239715449,1
245,1.079737372,1.101172,1.120416475,1.941290553,1.393302032,0.750315876,-0.023025708,4.280585851,5.31002288,1.240489752,1
246,1.175574149,1.10166,1.119685321,2.290125472,1.513316052,0.512823391,-0.037447114,4.020904424,5.000786555,1.243696947,1
247,1.108015372,1.084336,1.117003598,2.017316392,1.420322637,0.503870293,0.044145289,4.146124106,5.15884426,1.244257077,1
248,1.074103093,1.109712,1.12194333,1.932080183,1.389992871,0.746019912,-0.003300442,4.78795785,5.928447702,1.238199643,1
249,1.084903429,1.082628,1.118642237,1.962141737,1.400764697,0.691618912,0.021745451,4.174594552,5.192910443,1.243931687,1
250,1.170394832,1.138016,1.124127553,2.294076946,1.514621057,0.696093385,-0.090635521,4.410686331,5.466356969,1.239343848,1
251,1.088472977,1.084824,1.121810236,1.945401913,1.394776654,0.315117897,0.045976225,3.681947887,4.568028549,1.240655406,1
252,1.043933067,1.095316,1.122078018,1.787869949,1.337112541,0.517358887,0.008569812,4.67998118,5.780533782,1.235161758,1
253,1.080746298,1.084336,1.11779341,1.97149475,1.404099266,0.964736947,0.044242948,5.530677267,6.892159325,1.246169139,1
254,1.059073878,1.072136,1.122411712,1.874185389,1.369008907,0.54878227,0.041639345,3.819518828,4.738519191,1.240606318,1
255,1.157987273,1.12728,1.123908115,2.281511354,1.510467263,0.892406533,-0.082162577,4.909983295,6.104496555,1.243282551,1
256,1.130871496,1.044564,1.120232076,2.198172011,1.482623354,0.983893451,0.212672315,5.498059839,6.960762811,1.266039842,1
257,1.148065668,1.095804,1.115501665,2.175479959,1.474950833,0.544242849,0.011038868,4.711174103,5.853837613,1.242543257,1
258,1.176682135,1.009672,1.12041615,2.153558595,1.467500799,-0.047038847,0.259723795,4.094687441,5.186458402,1.266631086,1
259,1.200707378,1.049688,1.121246466,2.22845391,1.492800693,-0.066727364,0.082812592,4.052750397,5.086823542,1.255153425,1
260,1.221394642,1.004304,1.115295956,2.331423482,1.526899958,0.057323337,0.162780078,4.114135772,5.211667841,1.266770989,1
261,1.302116374,1.030656,1.114043098,2.681960239,1.637669148,0.298840171,0.127294067,4.446197275,5.624780803,1.265076751,1
262,1.158458174,1.060424,1.121505496,2.099181992,1.448855407,-0.003487785,0.131641003,4.327863945,5.408917947,1.249789276,1
263,1.097216422,1.0858,1.121834636,1.952486347,1.397313976,0.356476177,0.09237466,4.561844269,5.688081386,1.246881974,1
264,1.223664152,1.021872,1.119302892,2.36065028,1.536440783,0.17840192,0.174370198,4.229173483,5.358758366,1.267093532,1
265,1.271881261,1.02968,1.120945174,2.543394947,1.594802479,0.168817527,0.10796025,4.25505588,5.371056348,1.262276337,1
266,1.217626749,1.033828,1.120264317,2.284955814,1.51160703,-0.204511735,0.143939996,3.602922289,4.524290008,1.255727891,1
267,1.223477202,1.025288,1.116052259,2.334984706,1.528065675,-0.03124842,0.204096704,4.097192796,5.167706782,1.261279866,1
268,1.205697481,1.036512,1.114651959,2.280048516,1.509982952,0.043261307,0.1791913,4.438935933,5.587112516,1.258660319,1
269,1.291624959,1.049444,1.115795441,2.614750636,1.617019059,0.136752922,0.133759043,5.497196566,6.895088906,1.25429186,1
270,1.203542698,1.033584,1.11919859,2.26720972,1.505725646,0.043556452,0.220096144,4.687993202,5.905503297,1.259708161,1
271,1.163363965,1.026264,1.118385972,2.120638012,1.456241056,-0.082968325,0.209879172,4.637762336,5.844296683,1.260154415,1
272,1.296846413,1.022848,1.113666882,2.647192232,1.627019432,0.148890495,0.204137848,4.01085225,5.068782381,1.263766917,1
273,1.230777252,1.085312,1.116892562,2.356229831,1.535001574,0.091466638,0.171757176,5.14700085,6.42920089,1.249115956,1
274,1.172512353,1.066036,1.114409911,2.198204792,1.482634409,0.205033959,0.124218727,4.689103608,5.842839741,1.246046202,1
275,1.250465156,1.04066,1.1141379,2.427626087,1.558084108,-0.023936463,0.165151447,4.027421415,5.072020032,1.25937157,1
276,1.237979133,1.049688,1.122145785,2.410514646,1.552583217,0.016779472,0.082746907,3.647671358,4.573495391,1.253812348,1
277,1.233117567,1.032852,1.119155418,2.406792324,1.551384003,0.01230025,0.194499379,4.062308611,5.12494065,1.261583287,1
278,1.230142537,1.087264,1.121673401,2.426326433,1.557666984,0.478571476,0.146017919,5.665327344,7.094082785,1.252192919,1
279,1.11865339,1.07482,1.122212087,1.983789102,1.408470483,0.034505582,0.058287662,3.98881759,4.937586492,1.23785718,1
280,1.18316997,1.00772,1.116887585,2.1447373,1.464492164,-0.119050145,0.228137128,3.972283714,5.018996997,1.26350416,1
281,1.186697184,1.070184,1.119510259,2.182956609,1.477483201,0.105973973,0.083057389,4.334232276,5.422678178,1.251127728,1
282,1.306029981,1.022848,1.120386772,2.668332335,1.633503087,0.044125806,0.214126823,4.092108638,5.181673659,1.266260043,1
283,1.15788251,1.081164,1.116143254,2.085866819,1.444253031,0.119475624,0.186446903,5.041272686,6.282747634,1.246262209,1
284,1.059337552,1.10776,1.121675906,1.789759446,1.337818914,0.100158218,0.072272084,3.794531332,4.682705294,1.234066841,1
285,1.129602809,1.045052,1.117422855,2.005552055,1.41617515,0.056528586,0.18962937,4.336698773,5.424114481,1.250747346,1
286,1.147025559,1.033584,1.115412035,2.036868259,1.427188936,-0.006492542,0.197890551,3.783074236,4.763550972,1.259174596,1
287,1.255854739,1.050908,1.114912844,2.435187461,1.560508719,-0.015342291,0.164393795,4.166096685,5.232916173,1.256071707,1
288,1.346381464,1.042612,1.124272098,2.853252493,1.689157332,0.14943793,0.215095827,4.213094878,5.339057912,1.267253187,1
289,1.218085746,1.085312,1.120909973,2.350767628,1.533221324,0.335689398,0.114232264,4.56842036,5.711539868,1.25022205,1
290,1.171866555,1.09312,1.125191393,2.160086289,1.469723201,0.129575156,0.059866292,4.138676394,5.142429935,1.242530086,1
291,1.21952161,1.03578,1.1208994,2.355396854,1.534730222,0.08881842,0.223108901,3.770523139,4.764107363,1.263513626,1
292,1.222918467,1.051396,1.122784739,2.338541577,1.529229079,0.006477095,0.126499832,4.030756879,5.05059317,1.253013596,1
293,1.355049768,1.065304,1.127653775,2.877874285,1.696429864,0.051713953,0.20310859,4.218737276,5.314903773,1.259832842,1
294,1.213035339,1.121424,1.122609385,2.311721944,1.520434788,0.031804865,0.092899399,4.545709945,5.639780598,1.24068202,1
295,1.270991726,1.066524,1.114820905,2.532386706,1.59134745,0.204584754,0.058511383,4.104946325,5.130921588,1.249936341,1
296,1.29354834,1.068232,1.121118545,2.621123447,1.618988402,0.106616208,0.163519745,4.455080979,5.600330998,1.257066039,1
297,1.291069385,1.05652,1.118641554,2.613185829,1.616535131,0.167401755,0.105671136,4.227019905,5.313238743,1.256970363,1
298,0.009987237,1.11996,1.119792518,0.000155578,0.012473099,-0.051439051,-0.002702164,1.040613948,1.040678501,1.000062034,1
299,0.009882437,1.120448,1.12020862,0.000153939,0.01240722,0.067841074,0.016883973,1.044584203,1.044648273,1.000061335,1
300,0.009876024,1.119472,1.119545786,0.000153496,0.012389332,0.046695698,-0.016796379,1.050433138,1.050497456,1.000061231,1
301,0.009776633,1.11996,1.12010435,0.000150388,0.012263285,0.009122556,-0.005592394,1.045118557,1.045181192,1.000059931,1
302,0.009742376,1.119472,1.119370138,0.000149706,0.012235442,-0.005721682,0.023456811,1.043624601,1.043686945,1.000059738,1
303,0.009946514,1.119472,1.119717074,0.000154983,0.0124492,0.001625312,-0.025154931,1.043734884,1.043799391,1.000061805,1
304,0.009703631,1.11996,1.119900529,0.000147784,0.012156652,-0.001873633,-0.022401895,1.038338193,1.038399367,1.000058915,1
305,0.009934818,1.119472,1.119777195,0.000158181,0.012576998,0.603947266,0.021390216,1.075053212,1.07512102,1.000063074,1
306,0.009901381,1.120448,1.120524063,0.000153076,0.012372399,-0.049385425,-0.004489218,1.04167763,1.041741127,1.000060957,1
307,0.009834891,1.120448,1.120492148,0.000152214,0.012337486,0.008056763,0.046509118,1.040401165,1.04046423,1.000060617,1
308,0.010009365,1.120936,1.120608389,0.000156593,0.012513707,-0.038049602,-0.01399351,1.044645948,1.044711079,1.000062348,1
309,0.009872614,1.120448,1.120143033,0.000152591,0.012352762,0.055560719,-0.017591844,1.052051667,1.052115637,1.000060805,1
310,0.009888795,1.11996,1.120051256,0.00015342,0.012386266,-0.002072519,0.022587418,1.051266178,1.051330458,1.000061145,1
311,0.009936855,1.120448,1.120281494,0.000156464,0.012508558,0.127995887,-0.026598521,1.05758254,1.057648462,1.000062333,1
312,0.009889404,1.11996,1.11985508,0.000154371,0.012424609,-0.002480528,-0.017793617,1.047092479,1.047156923,1.000061546,1
313,0.009869685,1.120448,1.120251791,0.000152814,0.012361807,0.003062905,-0.010054294,1.043673241,1.043736782,1.000060882,1
314,0.00989995,1.119472,1.119512537,0.000155222,0.012458805,0.118549495,0.037541059,1.047848346,1.047913232,1.000061923,1
315,0.009950619,1.120448,1.120505942,0.000155525,0.012470957,0.033812022,0.01241942,1.046483854,1.046548667,1.000061934,1
316,0.010073891,1.120936,1.120804142,0.000161429,0.012705473,0.366348295,0.015763042,1.070148557,1.070217315,1.000064251,1
317,0.00981601,1.118984,1.119290269,0.000151327,0.012301495,0.009537397,-0.013838249,1.046750137,1.046813354,1.000060393,1
318,0.009939725,1.121424,1.121163701,0.000155507,0.012470238,0.029522702,-0.00798897,1.044564286,1.044628897,1.000061854,1
319,0.009863989,1.11996,1.119937162,0.000153018,0.012370058,0.075246586,-0.001544893,1.046144886,1.046208698,1.000060998,1
320,0.010021293,1.119472,1.119185674,0.000159824,0.01264215,0.222172065,-0.006341727,1.045972393,1.046039122,1.000063796,1
321,0.009864993,1.11996,1.120035152,0.000153331,0.012382708,0.072830044,-0.014945522,1.053024025,1.053088377,1.000061112,1
322,0.009797609,1.118984,1.119350683,0.000151692,0.012316336,0.063472658,0.029104115,1.049309139,1.049372657,1.000060532,1
323,0.009739483,1.119472,1.119395026,0.000150592,0.012271593,0.073805488,-0.003922661,1.045344726,1.04540754,1.000060089,1
324,0.009769345,1.118984,1.119182876,0.00015173,0.012317887,0.067580071,0.011614248,1.047722411,1.047785867,1.000060566,1
325,0.010024581,1.119472,1.119627867,0.000158179,0.01257694,0.088683808,0.012749558,1.044688365,1.044754274,1.00006309,1
326,0.009905511,1.119472,1.119340012,0.000153899,0.012405618,0.01691266,-0.008568419,1.044086884,1.044151006,1.000061414,1
327,0.009809199,1.118496,1.118701806,0.000150982,0.012287471,0.010482377,-0.002461267,1.042938894,1.043001803,1.000060319,1
328,0.009802809,1.11996,1.119900236,0.00015027,0.012258453,-0.054619403,0.012424311,1.044437613,1.044500181,1.000059906,1
329,0.009795267,1.11996,1.120108612,0.000151332,0.012301696,0.01877526,-0.008565527,1.045114188,1.045177215,1.000060307,1
330,0.009823588,1.119472,1.119605257,0.000151449,0.012306461,-0.007640411,0.024285593,1.044712265,1.044775373,1.000060408,1
331,0.009765352,1.118496,1.118855558,0.000150356,0.012261962,-0.019369594,0.017868176,1.04148745,1.041549994,1.000060052,1
332,0.009742111,1.118984,1.119232229,0.000149523,0.012227969,-0.014633967,-0.009022973,1.038957396,1.039019401,1.00005968,1
333,0.00975791,1.11996,1.119923953,0.000149539,0.012228632,0.018167045,0.040216952,1.043108648,1.04317083,1.000059612,1
334,0.009843336,1.118984,1.119139477,0.000150915,0.01228473,-0.041225433,0.038604393,1.045583262,1.045646253,1.000060245,1
335,0.009785798,1.119472,1.119445518,0.000149331,0.012220106,-0.044080701,0.005562975,1.042246779,1.042308876,1.00005958,1
336,0.009753457,1.119472,1.119136516,0.000148789,0.0121979,-0.05270339,0.001088237,1.043842816,1.043904817,1.000059397,1
337,0.009735051,1.119472,1.119127895,0.000148156,0.012171943,-0.037159129,-0.019897844,1.043415092,1.043476805,1.000059145,1
338,0.009717559,1.11996,1.119890899,0.000148659,0.012192585,0.008276303,0.000136633,1.042704067,1.042765863,1.000059265,1
339,0.009721378,1.118984,1.11937645,0.000148596,0.012189979,-0.014145497,0.002378507,1.041439524,1.041501275,1.000059294,1
340,0.00984307,1.118496,1.118821789,0.000150724,0.012276983,-0.091950671,0.011359452,1.046752491,1.046815509,1.000060203,1
341,0.009778943,1.118496,1.118460864,0.000150372,0.012262611,0.021347652,0.027420953,1.046654095,1.046717,1.000060101,1
342,0.009784271,1.118984,1.118882268,0.000150213,0.012256154,-0.035983847,0.007157878,1.048004501,1.048067373,1.000059992,1
343,0.009914432,1.119472,1.119121779,0.000155273,0.012460858,0.166800527,-0.059726433,1.050830326,1.050895463,1.000061987,1
344,0.009706725,1.118984,1.118869222,0.000147432,0.012142176,0.00117429,0.008162213,1.04103982,1.041101119,1.000058883,1
345,0.009879056,1.118984,1.118971865,0.000153605,0.012393761,-0.019335572,-0.008977832,1.042686123,1.042750078,1.000061337,1
346,0.009672923,1.118496,1.11859142,0.000148319,0.012178635,0.10743906,0.010364578,1.046096571,1.046158569,1.000059267,1
347,0.009854704,1.118496,1.118608077,0.000152031,0.012330077,-0.028664501,-0.008411085,1.039535994,1.039599144,1.000060748,1
348,0.009727132,1.118984,1.119102844,0.00014824,0.012175404,-0.040651331,0.006527758,1.043874448,1.043936226,1.000059181,1
349,0.009792598,1.118984,1.11904539,0.000149589,0.012230678,-0.044411244,-0.005142074,1.043055354,1.043117652,1.000059726,1
350,0.009747408,1.119472,1.119597839,0.00014918,0.012213935,-0.0199711,0.01788468,1.04646351,1.046525779,1.000059504,1
351,0.009889841,1.118496,1.118731541,0.000152014,0.012329414,-0.071712737,0.036319761,1.0416022,1.041665455,1.000060728,1
352,0.009894559,1.11996,1.119724849,0.000152101,0.012332913,-0.088605011,-0.042349491,1.037627707,1.037690644,1.000060655,1
353,0.009756454,1.123376,1.123694404,0.000148693,0.012193965,-0.012993222,-0.033231337,1.040477872,1.040539132,1.000058878,1
354,0.479065806,1.113128,0.787146798,0.321832261,0.567302619,58.73866124,0.063747093,16.28201731,19.39896312,1.191434867,1
355,0.009846873,1.11996,1.119676017,0.000151702,0.012316729,-0.056923561,-0.008607664,1.042031261,1.042094305,1.000060501,1
356,0.009801827,1.118984,1.118689964,0.000150578,0.012271028,0.01654328,0.030636798,1.042950101,1.043012843,1.000060159,1
357,0.009817144,1.119472,1.119223478,0.000152685,0.012356573,0.058046627,-0.024337194,1.047248018,1.04731184,1.000060942,1
358,0.009919035,1.118496,1.118599196,0.000155063,0.012452417,-0.019221322,0.015288335,1.043905317,1.043969998,1.00006196,1
359,0.009818314,1.118496,1.118630558,0.000152065,0.012331445,-0.005270533,-0.008598886,1.038206428,1.038269509,1.000060759,1
360,0.009750983,1.118984,1.118966237,0.00014932,0.012219664,0.0288163,0.005120534,1.044001423,1.044063674,1.000059627,1
361,0.009758636,1.118496,1.118492844,0.000148762,0.012196797,-0.075731576,0.00507096,1.039644438,1.039706249,1.000059454,1
362,0.00970683,1.119472,1.119298142,0.000147599,0.01214903,-0.024495887,0.038111897,1.054591645,1.054653765,1.000058905,1
363,0.009789486,1.119472,1.119650673,0.000150159,0.012253951,-0.002008688,0.053346207,1.041619661,1.041682042,1.000059889,1
364,0.009812869,1.11996,1.119641011,0.000150423,0.012264711,-0.045828261,0.019714314,1.043807679,1.043870302,1.000059995,1
365,0.00981785,1.120448,1.120231783,0.000150351,0.012261772,-0.012250363,-0.005184522,1.05109807,1.051161034,1.000059903,1
366,0.009756114,1.120448,1.1203477,0.000148601,0.012190215,-0.031474095,-0.008268288,1.037487913,1.037549325,1.000059194,1
367,0.009817694,1.119472,1.119200412,0.000150819,0.012280834,-0.059376465,0.002345513,1.039422391,1.039484964,1.0000602,1
368,0.009801092,1.120448,1.120278404,0.000151508,0.012308869,0.002701236,-0.003531648,1.049747111,1.049810472,1.000060359,1
369,0.009716347,1.120448,1.12079435,0.000149077,0.012209702,0.000496349,0.021369148,1.039686592,1.039748282,1.000059336,1
370,0.009879354,1.119472,1.119580596,0.000153514,0.012390094,0.006654938,-0.017074967,1.040811755,1.040875488,1.000061234,1
371,0.009925191,1.120448,1.120288554,0.000152962,0.012367798,-0.093105414,-0.021081915,1.03928318,1.039346511,1.000060937,1
372,0.009827336,1.119472,1.119729371,0.000152139,0.012334467,0.016679803,0.001746012,1.043288812,1.043352108,1.00006067,1
373,0.009787474,1.11996,1.120135127,0.000150496,0.012267691,0.002919247,-0.016948741,1.042911622,1.042974166,1.000059971,1
374,0.009844077,1.119472,1.119395709,0.000152068,0.012331598,-0.031281626,-0.022260349,1.044035703,1.044099053,1.000060678,1
375,0.009867208,1.11996,1.120039349,0.000152568,0.012351851,-0.018912144,0.008352591,1.04256426,1.042627655,1.000060807,1
376,0.009813612,1.119472,1.119582743,0.000151918,0.012325502,0.0323013,0.018999437,1.042553823,1.042616999,1.000060597,1
377,0.009828984,1.120448,1.120490619,0.000151473,0.012307442,0.056708935,-0.043670747,1.041273885,1.041336697,1.000060322,1
378,0.009910574,1.120448,1.120099373,0.000154042,0.012411353,-0.015861425,-0.030399415,1.037715648,1.037779351,1.000061388,1
379,0.009818176,1.118984,1.119026716,0.000151631,0.012313864,-0.004542223,-0.000793798,1.040019441,1.040082407,1.000060543,1
380,0.009666382,1.119472,1.119530853,0.000146676,0.012111006,0.016725643,0.003529084,1.040860834,1.040921737,1.000058512,1
381,0.00986688,1.119472,1.1194842,0.000152557,0.012351378,-0.009766477,-0.010254113,1.044388872,1.044452436,1.000060863,1
382,0.009833971,1.118496,1.118692274,0.000151288,0.012299927,-0.000179816,0.006925511,1.047745822,1.04780915,1.000060442,1
383,0.009930385,1.11996,1.11999634,0.000154685,0.012437241,-0.035306904,0.002656262,1.043474789,1.043539125,1.000061655,1
384,0.009762108,1.11996,1.119901245,0.000149672,0.01223407,0.043122117,0.010727664,1.046179828,1.046242252,1.000059668,1
385,0.009699251,1.119472,1.119424111,0.000148492,0.012185709,0.006664721,0.021953075,1.037907931,1.037969424,1.000059247,1
386,0.009778503,1.11996,1.119689648,0.00014981,0.012239695,-0.031007509,-0.01680091,1.037661272,1.037723267,1.000059745,1
387,0.01003849,1.119472,1.119865588,0.000157952,0.012567905,-0.055050502,0.013531519,1.043159508,1.043225198,1.000062972,1
388,0.009689326,1.125816,1.125817919,0.000146893,0.012119923,-0.007382193,0.01726825,1.048051917,1.048112647,1.000057946,1
389,0.009722152,1.119472,1.119672958,0.000149423,0.012223878,-0.01802664,0.008420198,1.042470869,1.042532993,1.000059593,1
390,0.009879033,1.119472,1.119296125,0.000153486,0.012388953,0.033531793,-0.004125114,1.042384144,1.042447994,1.000061254,1
391,0.00973587,1.11996,1.119644329,0.000148745,0.012196094,-0.020914921,-0.00313466,1.036832055,1.036893565,1.000059325,1
392,0.009746563,1.120448,1.120164505,0.000148457,0.012184283,-0.040568939,0.021032734,1.046805742,1.046867666,1.000059155,1
393,0.009725557,1.119472,1.119466404,0.000149951,0.012245462,0.056234634,-0.006834855,1.049201412,1.049264181,1.000059825,1
394,0.009740401,1.119472,1.119738676,0.000149552,0.012229147,0.013403812,0.007677685,1.04023069,1.040292727,1.000059637,1
395,0.010015031,1.120448,1.120722093,0.000159159,0.012615827,0.164795297,0.039955407,1.05629487,1.056361793,1.000063357,1
396,0.009770157,1.119472,1.119590682,0.000149825,0.012240291,-0.021438036,0.002478399,1.04123976,1.041301986,1.000059762,1
397,0.009784685,1.119472,1.119551121,0.000150084,0.01225087,0.039279261,0.000329825,1.046070933,1.04613356,1.000059869,1
398,0.009957977,1.11996,1.119843563,0.00015632,0.012502792,0.017405911,-0.021395402,1.039694717,1.039759515,1.000062324,1
399,0.009840126,1.11996,1.120201039,0.000152193,0.012336655,-0.029177341,0.003631424,1.040235901,1.040298981,1.00006064,1
400,0.009735012,1.11996,1.119911948,0.00014922,0.01221556,0.001878489,-0.014566839,1.03963418,1.039696024,1.000059486,1
401,0.010012254,1.11996,1.120071134,0.000156925,0.012526951,-0.01616569,0.002123338,1.042097209,1.042162381,1.00006254,1
402,0.009858298,1.118984,1.119345283,0.000152475,0.012348083,0.009116792,0.019729218,1.046698218,1.046761905,1.000060845,1
403,0.009780742,1.120448,1.120529106,0.000149296,0.012218655,-0.035242632,0.005299968,1.043851924,1.043913981,1.000059451,1
404,0.009715324,1.120448,1.120324666,0.000148562,0.012188614,0.014176119,-0.025323811,1.043171566,1.043233301,1.00005918,1
405,0.009769177,1.11996,1.120038731,0.000149807,0.01223955,-0.053457906,-0.014316109,1.041694636,1.041756832,1.000059707,1
406,0.009855542,1.119472,1.11977661,0.000151643,0.012314345,-0.036473147,0.018893775,1.042373462,1.042436491,1.000060467,1
407,0.009642946,1.120448,1.12045815,0.000147029,0.012125548,0.03414946,-0.014428266,1.04261243,1.042673481,1.000058556,1
408,0.009832404,1.120448,1.120211873,0.000152429,0.012346208,0.021307606,-0.005855969,1.045888615,1.045952135,1.000060733,1
409,0.009822514,1.120448,1.120215094,0.000151893,0.01232447,0.070433174,-0.01412251,1.054162313,1.054226109,1.000060519,1
410,0.009788233,1.119472,1.119544484,0.000150531,0.012269117,0.04462758,-0.008570744,1.0391031,1.039165497,1.000060048,1
411,0.009907836,1.119472,1.119291961,0.000154613,0.012434356,0.073564807,0.032849284,1.047183146,1.047247761,1.000061704,1
412,0.009738798,1.11996,1.11994074,0.000148543,0.012187828,-0.047113212,-0.010160826,1.04047916,1.04054077,1.000059213,1
413,0.009772183,1.11996,1.119655878,0.000150299,0.012259661,-0.045573573,0.005252011,1.044665516,1.044728137,1.000059944,1
414,0.009824766,1.11996,1.119946694,0.000151758,0.012319,-0.041956204,-0.001064508,1.040036587,1.040099503,1.000060494,1
415,0.009822075,1.119472,1.119491097,0.000150808,0.0122804,-0.031982847,-0.001530666,1.045254939,1.045317826,1.000060165,1
416,0.009712232,1.119472,1.119639482,0.000147106,0.012128733,-0.055080816,0.026394634,1.042067169,1.042128309,1.000058672,1
417,0.009744737,1.119472,1.119528315,0.000150171,0.012254431,-0.00649566,-0.029739645,1.038682383,1.038744607,1.000059906,1
418,0.009783453,1.11996,1.119911558,0.000150709,0.012276344,0.072990365,0.026855708,1.042683983,1.042746627,1.00006008,1
419,0.009769017,1.11996,1.120126961,0.000149839,0.012240888,-0.010091365,0.032302304,1.046404608,1.046467089,1.00005971,1
420,0.009686248,1.120448,1.120478126,0.000146833,0.012117465,-0.035619404,0.041698242,1.040851915,1.040912779,1.000058476,1
421,0.009731501,1.120692,1.120747762,0.000148391,0.012181583,-0.024830318,0.009177401,1.040600884,1.04066235,1.000059068,1
422,0.009807653,1.120936,1.121119033,0.000150457,0.012266074,-0.008229657,0.014318676,1.039384958,1.039447165,1.00005985,1
423,0.009709747,1.120448,1.120504998,0.00014806,0.012168001,0.000882791,0.006622606,1.03951997,1.039581262,1.000058961,1
424,0.009881663,1.120448,1.120526568,0.000152694,0.012356935,-0.045110216,0.033697178,1.044723841,1.044787365,1.000060804,1
425,0.009689543,1.11996,1.119639839,0.000147121,0.012129346,-0.045064449,0.011671276,1.043374316,1.04343554,1.000058678,1
426,0.009800814,1.120448,1.120361819,0.000151359,0.01230279,0.011206355,0.012625627,1.043135815,1.043198706,1.00006029,1
427,0.009829554,1.11996,1.120051354,0.000151572,0.012311477,-0.013393979,0.0045284,1.044296173,1.044359257,1.000060409,1
428,0.009802534,1.120448,1.12067697,0.000151013,0.012288744,-0.068407716,0.000822255,1.039794675,1.039857186,1.000060119,1
429,0.009849834,1.11996,1.120124781,0.000153581,0.012392768,0.08599658,-0.022645952,1.044662527,1.044726462,1.000061201,1
430,0.00997627,1.120448,1.120722646,0.000157431,0.012547135,0.135368126,0.040321066,1.061084542,1.061151038,1.000062668,1
431,0.009749094,1.120936,1.120713602,0.000149755,0.012237427,-0.001539832,0.004051136,1.039761212,1.039823196,1.000059614,1
432,0.009793407,1.120936,1.121116495,0.000150197,0.012255491,0.037053065,0.008289329,1.055491829,1.055554891,1.000059747,1
433,0.009775053,1.1224,1.122294364,0.000150023,0.012248383,-0.016513478,-0.00888559,1.042209941,1.042272007,1.000059553,1
434,0.009714175,1.121424,1.121672555,0.00014909,0.012210234,0.05535984,-0.022261783,1.039742746,1.039804349,1.000059248,1
435,0.009800204,1.121912,1.122087745,0.000150433,0.012265126,0.003296567,0.004551018,1.045445802,1.045508255,1.000059738,1
436,0.00975737,1.121912,1.122010088,0.000150103,0.012251673,0.006231627,-0.001490293,1.045518289,1.045580617,1.000059615,1
437,0.009678715,1.121912,1.122184825,0.000147059,0.012126795,0.028276586,-0.003622342,1.04318257,1.043243479,1.000058388,1
438,0.009828604,1.121424,1.121738955,0.000151885,0.01232417,0.014443336,0.025882543,1.048380303,1.048443575,1.000060352,1
439,0.009844624,1.121912,1.12169201,0.000151702,0.012316723,0.013247146,-0.016779685,1.041028728,1.041091485,1.000060284,1
440,0.009924173,1.121424,1.121630814,0.000153194,0.012377171,-0.066159173,-0.006808228,1.041519955,1.041583367,1.000060884,1
441,0.009762651,1.121424,1.121535231,0.000150017,0.012248124,-0.016257505,0.033472379,1.049441678,1.049504257,1.000059631,1
442,0.009915162,1.121424,1.121465447,0.000152545,0.012350901,-0.089274768,0.011914441,1.049070799,1.049134418,1.000060643,1
443,0.009849576,1.120448,1.120485218,0.000152184,0.012336284,-0.02548206,-0.024173301,1.04084311,1.040906191,1.000060606,1
444,0.009785586,1.120936,1.120928452,0.000149922,0.012244281,-0.002963971,0.023413849,1.040432529,1.040494599,1.000059658,1
445,0.009680594,1.121424,1.121479697,0.000146861,0.012118626,-0.028455311,0.011318315,1.038617106,1.038677742,1.000058382,1
446,0.009887158,1.120936,1.120839994,0.000153513,0.012390043,0.02260875,-0.041492196,1.042254589,1.042318267,1.000061096,1
447,0.009877715,1.120936,1.121043393,0.000153113,0.012373894,-0.007668507,-0.002984722,1.040324546,1.040387917,1.000060915,1
448,0.009840721,1.121912,1.12185562,0.000151698,0.012316587,-0.039481422,0.002766137,1.044791632,1.044854596,1.000060265,1
449,0.009843358,1.121424,1.121473548,0.000152146,0.012334748,0.001535459,0.009520908,1.041666426,1.04172943,1.000060484,1
450,0.009730746,1.121912,1.12177806,0.000148713,0.012194805,0.012322768,-0.030634974,1.041385115,1.041446647,1.000059087,1
451,0.009694719,1.120936,1.121131298,0.000147701,0.012153229,0.003151786,-0.006803927,1.043291969,1.043353265,1.000058753,1
452,0.009762339,1.121424,1.121664063,0.000149298,0.012218774,-0.00402829,0.003591317,1.043230866,1.043292763,1.000059332,1
453,0.009799925,1.121424,1.121373215,0.000151873,0.01232369,0.066084373,0.001711676,1.042194883,1.042257817,1.000060386,1
454,0.009927318,1.120936,1.12126039,0.000155342,0.012463642,0.08473982,0.020187816,1.052743045,1.052808082,1.000061778,1
455,0.009901766,1.122888,1.122623862,0.000154166,0.012416342,-0.029827313,-0.019786339,1.043641047,1.043704877,1.000061161,1
456,0.009703328,1.1224,1.122526847,0.000147918,0.012162145,-0.017515342,-0.005606123,1.043299112,1.043360346,1.000058693,1
457,0.009704046,1.1224,1.122456087,0.000148761,0.012196742,0.014438305,0.030013239,1.038582438,1.03864375,1.000059035,1
458,0.966493204,1.125816,1.145036693,1.759688844,1.32653264,1.452551204,-0.046680588,4.599656237,5.650826865,1.228532432,1
459,0.009911962,1.122888,1.122712157,0.000153843,0.012403341,-0.02170843,-0.008055877,1.042689843,1.042753472,1.000061024,1
460,0.00976134,1.122888,1.122933059,0.000149062,0.012209081,-0.061655273,-0.008101172,1.039444875,1.03950631,1.000059104,1
461,0.009776001,1.1224,1.122023882,0.000150315,0.012260287,0.005463474,0.007293659,1.041156325,1.041218479,1.000059697,1
462,0.00973917,1.121912,1.121650465,0.000149301,0.012218895,0.054879661,0.010972256,1.042373417,1.042435266,1.000059334,1
463,0.009909178,1.121424,1.12139498,0.000155371,0.012464807,0.388064639,0.01326527,1.067846787,1.067912752,1.000061775,1
464,0.009766832,1.121912,1.121799012,0.000150241,0.012257299,0.040315831,0.020860415,1.044409962,1.044472305,1.000059692,1
465,0.009779742,1.121912,1.121893554,0.000150285,0.012259078,0.008075492,0.007662666,1.04388699,1.043949309,1.000059699,1
466,0.009853139,1.121912,1.121904485,0.000152327,0.012342083,-0.050304658,-0.009044398,1.040396387,1.04045934,1.000060509,1
467,0.009692273,1.121424,1.121189239,0.000147404,0.012141019,-0.007109945,-0.023624545,1.041932502,1.041993589,1.000058629,1
468,0.009862873,1.121424,1.121608074,0.000154143,0.01241544,0.087220152,0.012071553,1.04197574,1.042039575,1.000061263,1
469,0.009767525,1.1224,1.12203195,0.00015027,0.012258467,-0.016441368,-0.014585811,1.044193152,1.044255468,1.000059679,1
470,0.009781422,1.121912,1.1219974,0.000149465,0.01222557,-0.02233765,0.037928831,1.04466055,1.044722564,1.000059362,1
471,0.009918164,1.122888,1.122699632,0.000153598,0.012393471,-0.032231208,-0.01412121,1.042266936,1.042330439,1.000060928,1
472,0.009712732,1.1224,1.122366328,0.000149045,0.012208396,0.016597892,-0.021230376,1.044752149,1.044813953,1.000059157,1
473,0.009762632,1.121424,1.121542226,0.000149633,0.01223247,0.017610355,0.014616808,1.04595458,1.046016791,1.000059478,1
474,0.00995607,1.1224,1.122197968,0.000157275,0.012540923,0.488911137,-0.001923054,1.078387655,1.078454991,1.000062442,1
475,0.009779638,1.120936,1.121082823,0.000150575,0.012270884,0.018817283,0.032640085,1.041594813,1.041657205,1.000059901,1
476,0.009750593,1.122888,1.122661666,0.000149249,0.012216746,0.001846355,-0.002751589,1.042303977,1.042365688,1.000059207,1
477,0.009778687,1.121424,1.121318462,0.000150776,0.012279097,0.001446951,0.011431463,1.038764815,1.038827095,1.000059956,1
478,0.009805191,1.121424,1.121612628,0.000151544,0.012310308,0.050136255,-0.001558962,1.04588814,1.045951134,1.000060229,1
479,0.009726598,1.121912,1.121850284,0.000147557,0.012147322,-0.066186345,-0.039725057,1.045233289,1.045294561,1.00005862,1
480,0.009749883,1.121424,1.121672099,0.000149741,0.012236881,0.027652136,-0.0123784,1.051488948,1.051551519,1.000059507,1
481,0.009831204,1.121424,1.121445342,0.000150947,0.012286038,-0.071645309,0.007451888,1.038212106,1.038274409,1.00006001,1
482,0.009702979,1.121424,1.121577199,0.000149629,0.012232313,0.087915934,0.007665739,1.049402576,1.049464986,1.000059472,1
483,0.009832685,1.121424,1.121289995,0.000152203,0.012337057,0.006747114,0.007251604,1.042707274,1.042770385,1.000060526,1
484,0.009958149,1.121424,1.121285961,0.000156506,0.012510217,0.083349032,-0.007851808,1.045755553,1.045820639,1.000062238,1
485,0.009824249,1.121424,1.121331313,0.000151175,0.012295339,-0.007045741,0.014629648,1.048326505,1.048389523,1.000060113,1
486,0.009797198,1.121912,1.121695849,0.000150209,0.012255988,-0.028271414,0.035947469,1.053641641,1.053704533,1.00005969,1
487,0.00982098,1.121912,1.121844558,0.000152566,0.012351759,0.043779346,-0.017750799,1.039581914,1.039644923,1.000060611,1
488,0.009787262,1.121912,1.121573458,0.000150073,0.012250438,-0.048949607,-0.034684027,1.039399118,1.039461117,1.000059649,1
489,0.009913423,1.120448,1.120648535,0.0001531,0.012373362,-0.078900606,0.014702713,1.042868239,1.042931805,1.000060953,1
490,0.009854503,1.121424,1.121446123,0.000151787,0.012320196,-0.019421322,-0.017237914,1.049959443,1.050022802,1.000060344,1
491,0.00981941,1.1224,1.122234568,0.000150999,0.012288159,0.011277064,-0.023522603,1.04052578,1.040588156,1.000059946,1
492,0.009736097,1.1224,1.122320651,0.000149254,0.012216973,-0.005098193,0.020847624,1.038707551,1.038769089,1.000059245,1
493,0.009826073,1.1224,1.122216057,0.000150211,0.012256046,-0.085573724,-0.013173038,1.041412924,1.041475029,1.000059636,1
494,0.009878092,1.1224,1.122057131,0.000151895,0.012324551,-0.03287404,-0.012983204,1.044603937,1.044666949,1.000060321,1
495,0.009754277,1.121424,1.121278413,0.000149541,0.012228689,0.01372771,0.026773818,1.044895105,1.044957244,1.000059469,1
496,0.009756375,1.120936,1.120940782,0.000148896,0.012202286,-0.056956864,-0.017790733,1.037809574,1.037871062,1.000059248,1
497,0.00975984,1.121424,1.121338763,0.000149375,0.012221918,0.024078697,0.018434613,1.043098272,1.043160229,1.000059397,1
498,0.009752402,1.121424,1.121217576,0.000149212,0.012215227,0.004630287,0.036410717,1.042340639,1.042402496,1.000059344,1
499,0.009815955,1.121912,1.121845567,0.000150992,0.012287896,-0.005931773,-0.009506507,1.041756486,1.041818976,1.000059985,1
500,0.009755661,1.121912,1.122134528,0.000148998,0.01220646,-0.001014824,-0.004123016,1.04105422,1.041115812,1.000059163,1
501,0.009787057,1.121912,1.121712148,0.000150446,0.012265659,0.002189632,0.011854242,1.043185676,1.04324804,1.000059783,1
502,0.009761485,1.121424,1.121220699,0.000149729,0.012236391,-0.005831271,-0.035636176,1.044948805,1.045011032,1.00005955,1
503,0.009723588,1.121424,1.12139485,0.000149591,0.012230721,0.061082962,0.02140327,1.045656896,1.045719088,1.000059476,1
504,0.009867464,1.121912,1.121845404,0.000152859,0.0123636,-0.04086173,0.006493963,1.041320894,1.04138413,1.000060727,1
505,0.009743931,1.121424,1.121204498,0.000149657,0.012233447,0.009239869,0.001991538,1.042787832,1.042849902,1.000059523,1
506,0.009879678,1.120936,1.120938212,0.000152795,0.012361025,-0.06012411,-0.010525083,1.043469543,1.043532986,1.0000608,1
507,0.009797951,1.121424,1.121489359,0.000150661,0.012274414,-0.006702686,-0.026733171,1.042957685,1.04302015,1.000059892,1
508,0.009845558,1.121912,1.121954326,0.000152331,0.012342251,0.013254018,0.005118581,1.043829604,1.043892762,1.000060506,1
509,0.009802375,1.121912,1.12199727,0.000151288,0.012299923,-0.02738083,-0.036248058,1.039875877,1.039938359,1.000060087,1
510,0.009845988,1.121424,1.121574857,0.000151938,0.01232633,-0.023962,0.005922754,1.041572432,1.041635333,1.00006039,1
511,0.009871162,1.120936,1.121106442,0.000153038,0.012370849,0.022905582,0.010026739,1.041571851,1.04163526,1.000060878,1
512,0.010060069,1.120936,1.120750593,0.000159328,0.01262253,0.044279423,0.008213394,1.044076886,1.044143102,1.000063421,1
513,0.009786358,1.121424,1.121296177,0.000150683,0.012275318,-0.033969625,-0.007607622,1.041396603,1.041459005,1.000059921,1
514,0.009723325,1.121424,1.121569457,0.000148287,0.012177327,-0.00662657,0.021909829,1.044624511,1.044686081,1.00005894,1
515,0.00975705,1.121424,1.121250923,0.00014845,0.012184001,-0.074415963,-0.020602722,1.044485971,1.044547635,1.000059038,1
516,0.009925567,1.121912,1.121706097,0.000154701,0.012437876,-0.015396191,0.00100005,1.047104763,1.047169132,1.000061474,1
517,0.009792257,1.121912,1.121817035,0.000151519,0.012309312,0.03394457,0.046064626,1.045697602,1.04576055,1.000060198,1
518,0.009794989,1.121912,1.122076619,0.000150911,0.012284579,0.025628146,0.008285604,1.041542033,1.041604451,1.000059928,1
519,0.009846271,1.121912,1.122203661,0.000152223,0.01233787,-0.00864329,-0.000214385,1.042293258,1.04235625,1.000060436,1
520,0.009823929,1.121912,1.121974789,0.000151584,0.012311954,-0.024609252,0.012813546,1.042506115,1.04256888,1.000060207,1
521,0.009737335,1.122888,1.122726179,0.0001495,0.012227038,0.070862431,0.011332983,1.053979012,1.054041512,1.0000593,1
522,0.009833329,1.1224,1.122333925,0.000151859,0.012323119,-0.031343392,0.011326674,1.040433322,1.040496036,1.000060277,1
523,0.009823174,1.121424,1.121708406,0.000153272,0.012380326,0.106208282,0.011821684,1.043187983,1.04325152,1.000060906,1
524,0.009774697,1.121424,1.121595809,0.000149349,0.012220863,-0.04092376,0.008546857,1.046774872,1.046837008,1.000059359,1
525,0.009771945,1.120936,1.120892275,0.000148967,0.012205221,-0.091020215,0.002192802,1.039160475,1.039222078,1.000059282,1
526,0.009730607,1.120936,1.120964141,0.000148976,0.012205568,0.047120147,0.010628268,1.041270427,1.041332151,1.000059277,1
527,0.009875999,1.120448,1.12012631,0.000153019,0.012370073,-0.045927276,-0.018616631,1.039869311,1.039932719,1.000060977,1
528,0.009733726,1.12484,1.124644052,0.000148627,0.012191255,-0.053128348,-0.001601621,1.040467203,1.040528333,1.000058752,1
529,0.009996693,1.120936,1.120642484,0.000157251,0.012539964,0.003728369,0.006261227,1.043743021,1.043808366,1.000062606,1
530,0.009831212,1.121424,1.12095822,0.000151733,0.012317977,-0.014028593,-0.030042507,1.039968837,1.040031626,1.000060375,1
531,0.00962316,1.121424,1.120971852,0.000145941,0.012080624,0.016216345,-0.007908556,1.043005767,1.043066334,1.000058069,1
532,0.009772209,1.121424,1.121777475,0.000149306,0.012219083,-0.039518873,-0.001749034,1.038340427,1.038402024,1.000059323,1
533,0.009797457,1.121424,1.121308734,0.000151047,0.012290105,-0.016542008,-0.019936116,1.043995868,1.044058576,1.000060064,1
534,0.00970612,1.121424,1.121492027,0.000148185,0.012173126,0.026924617,-0.008285988,1.040345577,1.040406861,1.000058907,1
535,0.009838882,1.121912,1.121984159,0.000152587,0.012352613,0.032407831,0.038488916,1.042931912,1.042995118,1.000060604,1
536,0.009750236,1.1224,1.122395315,0.000148418,0.012182689,-0.072490193,-0.007498693,1.037769289,1.037830419,1.000058905,1
537,0.009859679,1.1224,1.122698754,0.000152779,0.012360381,0.024864748,-0.026420158,1.043572011,1.043635255,1.000060603,1
538,0.009769353,1.121912,1.122098449,0.000151303,0.012300532,0.027863864,0.000949009,1.042391357,1.042453986,1.000060082,1
539,0.009725559,1.121912,1.121897035,0.000148745,0.012196098,-0.031086559,-0.016974325,1.039099919,1.039161317,1.000059087,1
540,0.00988449,1.121424,1.121600005,0.00015396,0.012408079,0.023434073,-0.003063593,1.049379434,1.049443647,1.000061191,1
541,0.009768344,1.120936,1.12129468,0.000149864,0.012241884,-0.058464454,0.00793386,1.044879814,1.044942084,1.000059596,1
542,0.009941123,1.121912,1.122152129,0.00015469,0.012437436,-0.020214295,0.011574032,1.042774949,1.042838997,1.000061421,1
543,0.009792279,1.1224,1.122477071,0.000151791,0.01232033,0.05991149,0.050141078,1.046821581,1.046884636,1.000060235,1
544,0.009871367,1.120936,1.121435582,0.000153186,0.012376824,-0.030605304,0.035416805,1.042571517,1.042635011,1.000060901,1
545,0.009758591,1.121424,1.121414468,0.000150119,0.012252313,0.003092864,0.008898912,1.041722138,1.041784312,1.000059684,1
546,0.009892532,1.121912,1.122101995,0.000153323,0.012382354,-0.014123145,-0.000389682,1.040647741,1.040711099,1.000060883,1
547,0.009813865,1.1224,1.122444961,0.000150936,0.012285593,-0.046984306,-0.028337504,1.039026574,1.039088811,1.000059899,1
548,0.009727779,1.121912,1.122028827,0.000150697,0.012275853,0.127020548,0.002958818,1.045935483,1.045998081,1.000059848,1
549,0.00971723,1.122888,1.122905438,0.000148287,0.012177332,-0.042834348,0.003058555,1.040339881,1.040401053,1.0000588,1
550,0.009818927,1.123376,1.123303255,0.000152043,0.012330554,0.029946463,-0.005645386,1.042576382,1.042639193,1.000060246,1
551,0.009772103,1.123376,1.123595633,0.000148734,0.012195654,-0.041946507,0.013262817,1.045346546,1.045408122,1.000058904,1
552,0.009857283,1.122888,1.122947438,0.000152085,0.012332263,-0.033865451,0.032016413,1.039864864,1.039927569,1.000060301,1
553,0.00977358,1.122888,1.122661763,0.000150687,0.012275447,0.018653774,-0.001062225,1.040564671,1.040626873,1.000059777,1
554,0.009814577,1.122888,1.122837313,0.000149944,0.012245181,-0.063708891,-0.040301338,1.040836897,1.04089879,1.000059464,1
555,0.009761154,1.1224,1.122305783,0.000149294,0.012218607,-0.046131134,-0.013733724,1.041764846,1.041826583,1.000059262,1
556,0.009890856,1.121912,1.122002508,0.000153967,0.012408332,0.066633377,-0.039605434,1.046828477,1.046892491,1.00006115,1
557,0.009787173,1.121912,1.121870487,0.000150874,0.012283088,0.025310132,0.011330762,1.049127746,1.049190627,1.000059936,1
558,0.0099845,1.121912,1.12233142,0.00015668,0.012517177,0.042604542,0.010287608,1.048694514,1.048759733,1.000062191,1
559,0.009722404,1.121424,1.121724998,0.000149057,0.01220889,0.045396058,-0.018474623,1.039694154,1.039755735,1.000059229,1
560,0.009678011,1.121424,1.121468701,0.000146542,0.012105458,-0.034266368,-0.018050494,1.046024431,1.046085369,1.000058257,1
561,0.009780593,1.121912,1.122213129,0.000150087,0.01225101,-0.00458862,0.002393752,1.044459495,1.044521731,1.000059587,1
562,0.009708447,1.122888,1.122893043,0.000148872,0.012201316,0.055950552,0.010681927,1.040351123,1.040412538,1.000059033,1
563,0.009906285,1.121912,1.122041353,0.000153813,0.012402149,-0.032701977,0.018825425,1.04896678,1.049030856,1.000061085,1
564,0.009801256,1.121912,1.122249436,0.000150844,0.012281844,0.033576033,0.034844976,1.051817249,1.051880235,1.000059883,1
565,0.009824816,1.1224,1.122633459,0.000150798,0.012279998,-0.058424135,0.003569957,1.041025523,1.041087802,1.000059824,1
566,0.009924472,1.1224,1.122917378,0.000153921,0.012406479,-0.062088308,0.035669524,1.037284607,1.037347915,1.000061032,1
567,0.009873777,1.121912,1.12222393,0.000154848,0.012443775,0.102154375,0.023228074,1.043577822,1.043641977,1.000061475,1
568,0.009711061,1.1224,1.122182027,0.000147661,0.012151568,-0.039388661,-0.018436596,1.041880397,1.041941478,1.000058627,1
569,0.009811986,1.1224,1.122341017,0.000150891,0.012283789,-0.010007708,-0.036418299,1.036948912,1.037011017,1.000059892,1
570,0.00986023,1.1224,1.122600601,0.000152451,0.012347122,-0.042207606,0.014594439,1.044532737,1.044595914,1.000060484,1
571,0.009713225,1.121912,1.122182515,0.00014808,0.012168809,-0.022518545,0.01398625,1.041010087,1.041071292,1.000058793,1
572,0.009803691,1.122888,1.123116579,0.000151851,0.012322769,0.053066589,-0.013308465,1.042315251,1.042377988,1.00006019,1
573,0.009892599,1.1224,1.122298951,0.000153052,0.012371403,-0.085013868,-0.006994559,1.048726359,1.048790074,1.000060754,1
574,0.009804522,1.1224,1.122686586,0.000150905,0.012284357,0.000364475,-0.0062989,1.042714804,1.042777222,1.000059861,1
575,0.009817856,1.1224,1.122252103,0.000150789,0.012279637,-0.029501671,-0.005735999,1.043553308,1.043615776,1.000059861,1
576,0.009835625,1.121424,1.121507643,0.000152033,0.012330173,-0.03251737,-0.006024913,1.041634809,1.04169776,1.000060435,1
577,0.009996237,1.1224,1.122472322,0.0001581,0.012573798,0.104102593,-0.009936815,1.058561027,1.05862744,1.000062739,1
578,0.009751508,1.1224,1.122501764,0.000149297,0.012218705,0.002901202,0.020350971,1.042017699,1.042079431,1.000059243,1
579,0.009747781,1.122888,1.12257067,0.000149498,0.01222693,-0.006569215,0.000796305,1.041953663,1.042015466,1.000059315,1
580,0.009769986,1.121912,1.122009502,0.000149249,0.012216733,-0.041849652,0.047815051,1.052042811,1.052105172,1.000059275,1
581,1.000886532,1.118496,1.134662301,1.852181232,1.360948651,1.133000532,0.073806109,5.036149648,6.250002991,1.241028053,1
582,0.585929148,-0.021472,0.523365653,0.397498232,0.630474608,64.21924277,-0.846097274,19.29914181,27.64754186,1.432578823,1
583,0.009895729,1.1224,1.122428955,0.00015506,0.012452292,0.114830424,0.04444556,1.050777795,1.050842457,1.000061537,1
584,0.009845438,1.1224,1.122259879,0.000153078,0.01237245,0.111545001,-0.00591925,1.053110961,1.053174957,1.000060769,1
585,0.009731679,1.123376,1.123152951,0.000148496,0.012185895,0.004397357,0.02492567,1.044455214,1.044516687,1.000058856,1
586,0.009838398,1.122888,1.123081996,0.00015184,0.012322319,-0.038815737,0.014996097,1.042347348,1.042410086,1.000060189,1
587,0.009707779,1.122888,1.122666513,0.00014667,0.012110755,-0.068541179,-0.030692067,1.039257965,1.039318432,1.000058183,1
588,0.009760935,1.122888,1.122842258,0.000150509,0.012268193,0.049217914,-0.012191441,1.038659154,1.038721149,1.000059687,1
589,0.009745383,1.121912,1.121915123,0.000149054,0.012208786,0.001201179,0.002806573,1.041257764,1.041319415,1.000059208,1
590,0.009736785,1.1224,1.122297813,0.000148576,0.012189194,-0.070282951,-0.001204456,1.040033355,1.040094694,1.000058978,1
591,0.009744598,1.1224,1.122562341,0.000149752,0.012237331,0.027346762,0.025783064,1.042830675,1.042892637,1.000059417,1
592,0.009736272,1.121424,1.121698711,0.0001489,0.012202473,0.050515217,0.041719949,1.042328754,1.042390428,1.00005917,1
593,0.009690831,1.121912,1.122090348,0.000148485,0.012185447,0.051896728,0.023278686,1.058055618,1.058118005,1.000058964,1
594,0.009713503,1.1224,1.122556583,0.000148874,0.01220139,0.021970288,-0.002859968,1.045444565,1.045506318,1.000059069,1
595,0.009847688,1.122888,1.122779241,0.000151377,0.012303542,-0.043867932,-0.045860529,1.039586304,1.039648719,1.000060038,1
596,0.009723506,1.121912,1.122327613,0.000147617,0.01214978,-0.030558691,-0.006937148,1.040440924,1.040501887,1.000058594,1
597,0.009818944,1.1224,1.122467377,0.000152171,0.012335768,0.017932085,0.006374835,1.044656812,1.044719895,1.000060387,1
598,0.009839328,1.1224,1.12253433,0.000151576,0.012311622,-0.059483995,-0.021048261,1.040247713,1.040310277,1.000060143,1
599,0.009797136,1.121912,1.12231421,0.000149936,0.012244855,-0.06904607,0.013768732,1.037408861,1.037470603,1.000059516,1
600,0.009861079,1.121912,1.122196146,0.000152503,0.012349229,-0.022228614,-0.00399553,1.044474298,1.044537538,1.000060548,1
601,0.009716743,1.121912,1.122229005,0.000147861,0.012159823,0.006945713,0.019537856,1.040967057,1.041028164,1.000058701,1
602,0.009752845,1.121912,1.122237724,0.000149617,0.012231785,-0.021625271,0.007574036,1.041827885,1.041889767,1.000059397,1
603,0.009814272,1.1224,1.122349411,0.000151216,0.012297006,-0.00674981,-0.018686207,1.04302789,1.043090493,1.00006002,1
604,0.009797658,1.1224,1.122220383,0.0001498,0.012239264,-0.063703552,-0.002998384,1.039234947,1.039296752,1.000059472,1
605,0.009927666,1.1224,1.122635151,0.000154944,0.012447634,-0.004802979,-0.017562602,1.037979589,1.038043392,1.000061469,1
606,0.009699483,1.123864,1.123796331,0.000147725,0.012154237,0.000907667,-0.065589449,1.041252345,1.041313242,1.000058484,1
607,0.009720007,1.122888,1.12299253,0.000148563,0.012188632,-0.007832275,0.012054523,1.047646065,1.047707771,1.0000589,1
608,0.009778975,1.123864,1.123917778,0.00015111,0.012292668,0.07528895,-0.011725037,1.049821839,1.04988463,1.000059811,1
609,0.009897651,1.123864,1.124067821,0.000153823,0.012402558,0.013599085,-0.014040386,1.043168929,1.043232426,1.000060869,1
610,0.009812817,1.122888,1.123192642,0.000150912,0.012284641,-0.025566336,0.012333096,1.040941712,1.04100397,1.00005981,1
611,0.00978022,1.123376,1.123608971,0.000151016,0.012288865,0.044648345,0.014314116,1.044898905,1.044961397,1.000059807,1
612,0.00977306,1.123864,1.123971295,0.000149489,0.012226566,0.000744409,-0.019759565,1.039352953,1.039414445,1.000059164,1
613,0.009735035,1.124352,1.124179996,0.000149096,0.012210475,-0.016253934,-0.022691093,1.039594253,1.039655575,1.000058986,1
614,0.009848133,1.122888,1.123081411,0.000153033,0.012370665,0.034279616,0.015196946,1.041912905,1.04197611,1.000060663,1
615,0.009843488,1.122888,1.123051773,0.000152261,0.012339394,0.016427442,-0.009959423,1.045851254,1.045914381,1.000060359,1
616,0.009791019,1.123376,1.123521522,0.000150565,0.012270479,-0.008298386,-0.014893821,1.036293958,1.03635576,1.000059637,1
617,0.009882194,1.1224,1.122720128,0.000153559,0.012391911,-0.030949351,0.039948554,1.045724984,1.045788679,1.00006091,1
618,0.009952463,1.1224,1.122479023,0.000156045,0.012491803,0.142037123,-0.022667647,1.05507777,1.055143103,1.000061923,1
619,0.009853131,1.122888,1.122984331,0.000152201,0.012336989,-0.051984434,0.025606007,1.039396128,1.039458849,1.000060343,1
620,0.009863434,1.1224,1.122521382,0.000151862,0.012323244,-0.096171463,-0.001216635,1.039390174,1.039452806,1.000060258,1
621,0.009671323,1.122888,1.12314703,0.000147186,0.012132017,0.057718998,0.021278619,1.050978283,1.051039595,1.000058338,1
622,0.009777531,1.122888,1.122903518,0.000149269,0.012217589,-0.056347468,0.009344378,1.042079502,1.042141182,1.000059189,1
623,0.00972174,1.123376,1.123307192,0.00014785,0.012159351,-0.030953147,0.00831684,1.044312085,1.044373265,1.000058584,1
624,0.009898037,1.123376,1.123240303,0.000153533,0.012390831,-0.011771284,-0.026157909,1.044371914,1.044435457,1.000060843,1
625,0.009797303,1.123376,1.123313959,0.000151902,0.012324868,0.070539017,0.026769271,1.052557769,1.052621122,1.000060189,1
626,0.009764529,1.123376,1.123648369,0.00014915,0.012212689,-0.047316398,0.025156975,1.041823127,1.041884661,1.000059063,1
627,0.009744957,1.122888,1.122979809,0.000149334,0.012220227,0.011178971,0.026250016,1.045050416,1.04511229,1.000059207,1
628,0.009984605,1.123376,1.123626702,0.000158819,0.012602342,0.616633472,0.02913569,1.089610095,1.089678625,1.000062895,1
629,0.009771461,1.1224,1.122421082,0.00014963,0.012232354,-0.030791569,-0.000173837,1.037744969,1.037806594,1.000059383,1
630,0.009828989,1.123864,1.123667499,0.000150611,0.012272352,-0.050507592,0.011537875,1.047450252,1.047512722,1.00005964,1
631,0.009773485,1.123864,1.123821056,0.000150036,0.012248928,0.048053124,0.012976937,1.044702143,1.044764194,1.000059396,1
632,0.009829743,1.123864,1.123761065,0.000151837,0.01232222,0.026177568,-0.014363892,1.039546403,1.039608896,1.000060116,1
633,0.00964243,1.123864,1.124029953,0.000145117,0.012046467,-0.01335115,-8.87E-05,1.041037028,1.041096812,1.000057428,1
634,0.009811163,1.124352,1.124459978,0.000151351,0.012302477,0.004247467,0.002737581,1.041504306,1.041566639,1.000059849,1
635,0.009771863,1.124352,1.124288983,0.000150451,0.012265836,0.00289479,-0.050318529,1.039058905,1.03912074,1.000059511,1
636,0.009850158,1.123864,1.123764773,0.000151846,0.012322599,-0.015298397,-0.017602599,1.044319482,1.044382266,1.000060119,1
637,0.009827683,1.123864,1.123808498,0.000151902,0.012324871,0.023096574,-0.000800844,1.04384462,1.043907393,1.000060136,1
638,0.009802233,1.123864,1.123743334,0.000150356,0.012261955,-0.049704989,0.018581776,1.046076969,1.046139242,1.000059531,1
639,0.00978459,1.123864,1.123903365,0.000150713,0.012276525,0.052037884,0.015967138,1.045493713,1.045556083,1.000059655,1
640,0.009718804,1.123376,1.123427533,0.000148091,0.012169258,0.003134149,-0.046859078,1.039856538,1.039917543,1.000058667,1
641,0.00972963,1.124352,1.124548501,0.000148479,0.012185186,-0.021195448,-0.027919321,1.045762777,1.045824167,1.000058704,1
642,0.010009873,1.123376,1.123282206,0.000156569,0.012512734,0.064918965,0.006508519,1.055192058,1.055257524,1.000062042,1
643,0.009806274,1.123864,1.123869368,0.000149817,0.012239979,-0.046508914,-0.005893323,1.045525707,1.045587711,1.000059304,1
644,0.009840945,1.123864,1.124231724,0.000151772,0.012319583,-0.009538527,0.006591995,1.040413421,1.040475887,1.00006004,1
645,0.009798923,1.12484,1.124511901,0.000149983,0.012246738,-0.048727154,-0.043889274,1.040588904,1.040650613,1.000059302,1
646,0.009743434,1.122888,1.122822933,0.000149268,0.012217545,-0.020759386,-0.007189865,1.039981318,1.040042882,1.000059197,1
647,0.009800607,1.122888,1.122916662,0.000150065,0.01225011,-0.049269101,-0.028406332,1.042501534,1.042563567,1.000059503,1
648,0.009843825,1.122888,1.123048845,0.000152933,0.012366592,0.014502053,0.003510102,1.038901621,1.038964606,1.000060626,1
649,0.009732188,1.123864,1.123698568,0.000148895,0.012202241,-0.028930137,-0.042203055,1.044816479,1.044878078,1.000058957,1
